season,week,event_id,home_team,away_team,predicted_winner,predicted_prob,actual_winner,correct
2026,3,2026_03_LAC_BUF,BUF,LAC,BUF,0.645,BUF,1
2026,3,2026_03_CAR_CLE,CLE,CAR,CLE,0.534,CLE,1
2026,3,2026_03_NYJ_DET,DET,NYJ,DET,0.687,DET,1
2026,3,2026_03_HOU_IND,IND,HOU,HOU,0.522,IND,0
2026,3,2026_03_NE_JAX,JAX,NE,JAX,0.544,JAX,1
2026,3,2026_03_KC_MIA,MIA,KC,KC,0.542,KC,1
2026,3,2026_03_TEN_NYG,NYG,TEN,NYG,0.61,NYG,1
2026,3,2026_03_CIN_PIT,PIT,CIN,PIT,0.561,PIT,1
2026,3,2026_03_SEA_WAS,WAS,SEA,SEA,0.608,WAS,0
2026,3,2026_03_ARI_SF,SF,ARI,SF,0.685,SF,1
2026,3,2026_03_MIN_TB,TB,MIN,MIN,0.546,MIN,1
2026,3,2026_03_BAL_DAL,DAL,BAL,BAL,0.513,BAL,1
2026,3,2026_03_LV_NO,NO,LV,NO,0.578,LV,0
2026,3,2026_03_LA_DEN,DEN,LA,DEN,0.559,DEN,1
2026,3,2026_03_PHI_CHI,CHI,PHI,PHI,0.521,CHI,0
